0, 0, 0, 0, 0, 0.9371913465903191, 0, 0, 0, 0, 0, 0, 0, 0, 0, 0, 0, 0, 0, 0, 0, 0, 0, 0, 0, 0, 0, 0, 0, 0, 0, 0, 0, 0, 0.9118588406106753, 0, 0, 0.9371913465903191, 0, 0, 0, 0, 0, 0, 0, 0, 0, 0, 0, 0, 0, 0, 0, 0, 0, 0, 0, 0.9371913465903191, 0, 0, 0.9371913465903191, 0, 0, 0, 0, 0, 0, 0, 0, 0, 0, 0, 0, 0, 0.9151560567429879, 0, 0, 0, 0, 0, 0, 0, 0, 0, 0, 0, 0, 0, 0, 0, 0, 0, 0, 0, 0, 0, 0, 0, 0.9371913465903191, 0, 0.9226387788977869, 0, 0, 0, 0, 0, 0, 0, 0, 0, 0, 0, 0, 0, 0, 0, 0, 0, 0, 0, 0, 0, 0, 0, 0, 0, 0, 0, 0, 0, 0, 0, 0, 0, 0, 0, 0, 0, 0, 0, 0, 0, 0, 0.9118588406106753, 0, 0, 0, 0, 0, 0, 0, 0, 0.9371913465903191, 0, 0, 0, 0, 0, 0, 0, 0, 0, 0, 0, 0, 0, 0, 0, 0, 0, 0, 0, 0, 0, 0, 0, 0, 0, 0, 0.9371913465903191, 0, 0, 0, 0, 0, 0, 0, 0, 0, 0, 0, 0, 0.9371913465903191, 0, 0, 0, 0, 0, 0, 0.9371913465903191, 0, 0, 0, 0, 0, 0, 0, 0, 0, 0, 0, 0, 0, 0, 0, 0, 0, 0, 0, 0, 0.9371913465903191, 0, 0, 0, 0, 0, 0, 0, 0, 0, 0, 0, 0, 0, 0, 0, 0, 0.9371913465903191, 0, 0, 0, 0, 0, 0, 0, 0, 0, 0, 0, 0, 0, 0, 0, 0, 0.9371913465903191, 0, 0, 0, 0, 0, 0, 0, 0, 0, 0, 0, 0, 0, 0, 0, 0, 0, 0, 0, 0, 0, 0, 0, 0, 0, 0, 0, 0, 0, 0, 0, 0, 0, 0, 0, 0, 0, 0, 0, 0, 0, 0, 0, 0.9371913465903191, 0, 0, 0, 0, 0, 0, 0, 0, 0, 0, 0, 0, 0, 0, 0, 0, 0, 0, 0, 0, 0, 0, 0, 0, 0, 0, 0, 0, 0, 0, 0, 0, 0, 0, 0.9371913465903191, 0, 0, 0, 0, 0, 0, 0, 0.9151560567429879, 0, 0, 0, 0, 0, 0, 0, 0, 0, 0, 0, 0, 0, 0, 0, 0, 0, 0, 0, 0, 0, 0, 0, 0, 0, 0, 0, 0, 0, 0, 0, 0, 0, 0, 0, 0, 0, 0, 0, 0, 0, 0, 0, 0, 0, 0, 0, 0, 0, 0, 0, 0, 0, 0, 0, 0, 0, 0, 0, 0, 0, 0, 0, 0, 0, 0, 0, 0, 0, 0, 0, 0, 0.9371913465903191, 0, 0, 0, 0, 0, 0, 0, 0.9371913465903191, 0, 0.9371913465903191, 0, 0, 0, 0, 0, 0, 0, 0, 0, 0, 0, 0, 0, 0, 0
, 0, 0.8474646988622037, 0, 0, 0, 0, 0, 0, 0, 0, 0, 0, 0, 0, 0, 0, 0, 0, 0, 0, 0, 0, 0, 0, 0, 0, 0, 0, 0, 0, 0, 0, 0, 0, 0.8474646988622037, 0, 0, 0.8474646988622037, 0, 0, 0, 0, 0, 0, 0, 0, 0, 0, 0, 0, 0, 0, 0, 0, 0, 0, 0, 0, 0, 0, 0, 0, 0, 0, 0, 0, 0, 0, 0, 0, 0, 0, 0, 0, 0, 0, 0, 0, 0, 0, 0, 0, 0, 0, 0, 0, 0, 0, 0, 0, 0, 0, 0, 0, 0, 0, 0, 0, 0, 0, 0, 0, 0, 0, 0, 0, 0, 0, 0, 0, 0, 0, 0, 0, 0, 0, 0, 0, 0, 0, 0, 0, 0, 0, 0, 0, 0, 0, 0, 0, 0, 0, 0, 0, 0, 0, 0, 0, 0, 0, 0, 0, 0, 0, 0, 0, 0, 0, 0, 0, 0, 0, 0, 0, 0, 0, 0, 0.8474646988622037, 0, 0, 0, 0, 0, 0, 0, 0, 0, 0, 0, 0, 0, 0, 0, 0, 0, 0, 0, 0, 0, 0, 0, 0, 0, 0, 0, 0, 0, 0, 0, 0, 0, 0, 0, 0, 0, 0, 0, 0, 0, 0, 0, 0, 0, 0, 0, 0, 0, 0, 0, 0, 0, 0, 0, 0, 0, 0, 0, 0, 0, 0, 0.8474646988622037, 0, 0.8474646988622037, 0, 0, 0, 0, 0, 0, 0, 0, 0, 0, 0, 0, 0, 0, 0, 0, 0, 0, 0, 0, 0, 0, 0, 0, 0, 0, 0, 0, 0, 0, 0, 0, 0, 0, 0, 0, 0, 0, 0, 0, 0, 0, 0, 0, 0, 0, 0, 0, 0, 0, 0, 0, 0, 0.8474646988622037, 0.8474646988622037, 0, 0, 0, 0, 0, 0, 0, 0, 0, 0, 0, 0, 0, 0, 0, 0, 0.8474646988622037, 0, 0, 0, 0, 0, 0, 0, 0, 0, 0, 0, 0, 0.8474646988622037, 0, 0, 0, 0, 0, 0, 0, 0, 0, 0, 0, 0, 0, 0, 0, 0, 0, 0, 0, 0, 0, 0, 0, 0, 0, 0, 0.8474646988622037, 0, 0, 0, 0, 0, 0, 0.7939504235186852, 0, 0, 0, 0, 0, 0, 0, 0, 0, 0, 0, 0, 0, 0, 0, 0, 0, 0, 0, 0, 0, 0, 0, 0, 0, 0, 0, 0, 0, 0, 0, 0, 0, 0, 0, 0, 0, 0, 0, 0, 0, 0, 0, 0, 0, 0, 0, 0, 0, 0, 0, 0, 0, 0, 0.8474646988622037, 0, 0, 0, 0, 0, 0, 0, 0, 0, 0, 0, 0, 0, 0, 0, 0, 0, 0, 0, 0, 0, 0, 0, 0, 0, 0, 0, 0, 0, 0, 0, 0, 0, 0, 0, 0, 0, 0, 0, 0, 0, 0, 0
, 0, 0, 0, 0, 0, 0, 0, 0, 0, 0, 0.8357312141592962, 0, 0, 0, 0, 0, 0, 0, 0, 0, 0, 0, 0, 0, 0.8357312141592962, 0, 0, 0, 0, 0, 0, 0, 0, 0, 0.8357312141592962, 0, 0, 0, 0, 0, 0, 0, 0, 0, 0, 0, 0, 0, 0, 0.8357312141592962, 0, 0, 0, 0, 0, 0, 0, 0, 0, 0, 0, 0, 0, 0, 0, 0, 0, 0, 0, 0, 0, 0, 0, 0, 0, 0, 0, 0, 0, 0, 0, 0, 0, 0, 0, 0, 0, 0, 0, 0, 0, 0, 0, 0, 0, 0, 0, 0, 0, 0, 0, 0, 0, 0, 0, 0, 0, 0, 0, 0, 0, 0, 0, 0, 0, 0, 0, 0, 0, 0, 0, 0, 0, 0, 0, 0, 0, 0, 0, 0, 0, 0, 0, 0, 0, 0, 0, 0, 0, 0, 0, 0, 0, 0, 0, 0, 0, 0, 0, 0, 0, 0, 0, 0, 0, 0, 0, 0, 0, 0, 0, 0, 0, 0, 0, 0, 0, 0, 0, 0, 0, 0, 0, 0, 0, 0, 0, 0, 0, 0, 0, 0, 0, 0, 0, 0, 0, 0, 0, 0, 0, 0, 0, 0, 0, 0, 0, 0, 0, 0, 0, 0, 0, 0, 0, 0, 0, 0, 0, 0, 0, 0, 0, 0, 0, 0, 0, 0, 0, 0, 0, 0, 0, 0, 0, 0, 0, 0, 0, 0, 0, 0, 0, 0, 0, 0.8357312141592962, 0, 0, 0, 0, 0, 0, 0, 0, 0, 0, 0, 0, 0, 0, 0, 0, 0, 0, 0, 0, 0, 0.8357312141592962, 0.8357312141592962, 0, 0, 0, 0, 0, 0, 0, 0, 0, 0, 0, 0, 0, 0, 0, 0, 0, 0, 0.8357312141592962, 0, 0, 0, 0, 0, 0, 0, 0, 0, 0, 0, 0, 0, 0, 0, 0, 0, 0, 0, 0, 0, 0, 0, 0, 0, 0, 0, 0, 0, 0, 0, 0, 0, 0, 0, 0, 0, 0, 0, 0, 0, 0, 0, 0, 0, 0, 0, 0, 0, 0.8357312141592962, 0, 0, 0, 0, 0, 0, 0, 0, 0.8357312141592962, 0, 0, 0, 0.8357312141592962, 0.8357312141592962, 0, 0, 0, 0, 0, 0, 0, 0, 0, 0, 0, 0, 0, 0, 0, 0, 0, 0, 0, 0, 0, 0, 0, 0, 0, 0, 0, 0, 0, 0, 0, 0.8357312141592962, 0, 0, 0, 0, 0, 0, 0, 0, 0, 0, 0, 0, 0, 0, 0, 0, 0, 0, 0, 0, 0, 0, 0, 0, 0, 0, 0, 0, 0, 0, 0, 0, 0, 0, 0, 0, 0, 0, 0, 0, 0, 0, 0, 0, 0, 0, 0, 0, 0, 0, 0, 0, 0, 0, 0, 0, 0, 0, 0, 0, 0, 0, 0, 0, 0, 0
, 0, 0, 0.9311130898087371, 0, 0, 0, 0, 0, 0, 0, 0, 0, 0, 0, 0, 0, 0, 0, 0, 0, 0, 0, 0, 0, 0, 0, 0, 0, 0, 0, 0, 0, 0, 0, 0.9311130898087371, 0, 0, 0.9311130898087371, 0, 0, 0, 0, 0, 0, 0.9311130898087371, 0, 0.9311130898087371, 0, 0, 0, 0, 0, 0, 0, 0, 0, 0, 0, 0, 0.9311130898087371, 0, 0, 0, 0, 0, 0, 0, 0, 0, 0, 0, 0, 0, 0, 0, 0, 0, 0, 0, 0, 0, 0, 0, 0, 0, 0, 0, 0, 0, 0, 0, 0, 0, 0, 0, 0, 0, 0, 0, 0, 0.9311130898087371, 0, 0, 0, 0, 0, 0, 0, 0, 0, 0, 0, 0, 0, 0, 0, 0.9311130898087371, 0, 0, 0, 0, 0, 0, 0, 0, 0, 0, 0.9311130898087371, 0, 0, 0, 0, 0, 0, 0, 0, 0, 0, 0, 0, 0, 0, 0, 0, 0, 0, 0.9311130898087371, 0, 0, 0, 0, 0, 0.9311130898087371, 0, 0, 0, 0, 0, 0, 0, 0, 0, 0, 0, 0, 0, 0, 0, 0, 0, 0, 0, 0, 0, 0, 0, 0, 0, 0, 0, 0, 0, 0, 0, 0, 0, 0, 0, 0, 0, 0, 0, 0, 0, 0, 0, 0, 0, 0, 0, 0, 0, 0, 0, 0.9311130898087371, 0, 0, 0, 0, 0, 0, 0, 0, 0, 0, 0, 0.9311130898087371, 0, 0, 0, 0, 0, 0, 0, 0, 0.9311130898087371, 0, 0.9311130898087371, 0, 0, 0, 0, 0, 0, 0, 0, 0, 0, 0, 0, 0, 0, 0, 0, 0, 0, 0, 0, 0, 0, 0, 0, 0, 0, 0, 0, 0, 0, 0, 0, 0, 0, 0, 0, 0, 0, 0, 0, 0, 0, 0, 0, 0, 0, 0, 0, 0, 0.8996565876844155, 0, 0, 0, 0, 0, 0, 0.9311130898087371, 0, 0, 0, 0, 0.9311130898087371, 0, 0, 0, 0, 0, 0, 0, 0, 0, 0, 0, 0, 0, 0, 0, 0, 0, 0, 0, 0, 0, 0, 0, 0, 0, 0, 0, 0, 0, 0, 0, 0, 0, 0, 0, 0, 0, 0, 0, 0, 0, 0, 0, 0, 0.9311130898087371, 0, 0, 0, 0, 0.9311130898087371, 0, 0.8996565876844155, 0, 0.9311130898087371, 0, 0, 0, 0, 0, 0, 0, 0, 0, 0, 0, 0, 0.9311130898087371, 0, 0, 0, 0, 0, 0, 0, 0, 0, 0, 0.9311130898087371, 0, 0, 0, 0, 0, 0, 0, 0, 0, 0, 0, 0, 0, 0, 0, 0, 0, 0, 0, 0, 0, 0, 0, 0, 0, 0.9311130898087371, 0, 0, 0, 0, 0, 0, 0, 0, 0, 0, 0, 0, 0, 0, 0, 0, 0, 0, 0, 0, 0, 0, 0, 0, 0, 0, 0.9311130898087371, 0, 0, 0, 0, 0, 0, 0, 0, 0, 0, 0, 0, 0, 0, 0, 0, 0, 0, 0.9311130898087371
, 0, 0, 0.970746654576313, 0, 0, 0, 0, 0, 0, 0, 0, 0, 0, 0, 0, 0, 0, 0, 0, 0, 0, 0, 0, 0, 0, 0, 0, 0, 0.970746654576313, 0, 0, 0, 0, 0, 0.9573884139481764, 0, 0, 0.9604836428665972, 0, 0, 0, 0, 0.970746654576313, 0, 0, 0, 0, 0, 0, 0, 0, 0, 0, 0, 0, 0, 0, 0, 0, 0, 0, 0, 0, 0, 0, 0, 0, 0, 0, 0, 0, 0, 0, 0, 0.9604836428665972, 0, 0, 0, 0, 0, 0, 0, 0, 0, 0, 0, 0, 0, 0, 0, 0, 0, 0, 0, 0, 0, 0, 0, 0, 0, 0.9604836428665972, 0, 0.970746654576313, 0, 0, 0, 0, 0, 0, 0, 0, 0, 0, 0, 0, 0, 0, 0, 0, 0, 0, 0, 0, 0, 0, 0, 0, 0, 0.970746654576313, 0.970746654576313, 0, 0, 0, 0, 0, 0, 0, 0, 0, 0, 0, 0.970746654576313, 0, 0, 0.970746654576313, 0, 0.970746654576313, 0, 0, 0, 0, 0, 0.970746654576313, 0, 0, 0, 0, 0, 0, 0, 0.970746654576313, 0, 0, 0, 0, 0, 0, 0, 0, 0, 0, 0.970746654576313, 0, 0, 0.970746654576313, 0, 0, 0, 0, 0, 0, 0, 0.970746654576313, 0, 0, 0.9604836428665972, 0.970746654576313, 0.970746654576313, 0.970746654576313, 0, 0, 0, 0, 0, 0.970746654576313, 0.970746654576313, 0.970746654576313, 0, 0, 0, 0, 0, 0, 0, 0, 0, 0, 0, 0, 0, 0, 0, 0, 0, 0.970746654576313, 0, 0.970746654576313, 0, 0, 0, 0.9573884139481764, 0.9604836428665972, 0.970746654576313, 0, 0, 0, 0, 0.970746654576313, 0.970746654576313, 0, 0, 0, 0, 0.970746654576313, 0, 0, 0, 0, 0, 0, 0, 0, 0, 0, 0, 0.970746654576313, 0, 0, 0.970746654576313, 0, 0, 0, 0, 0, 0.970746654576313, 0, 0, 0, 0, 0, 0, 0, 0, 0, 0, 0, 0, 0, 0, 0, 0, 0, 0, 0, 0, 0, 0, 0.9604836428665972, 0, 0, 0, 0, 0.970746654576313, 0, 0.970746654576313, 0, 0, 0, 0, 0, 0, 0, 0.970746654576313, 0, 0, 0.970746654576313, 0.970746654576313, 0, 0, 0, 0.970746654576313, 0, 0, 0, 0, 0, 0, 0, 0, 0, 0, 0, 0.970746654576313, 0.970746654576313, 0, 0, 0, 0, 0, 0, 0, 0, 0, 0, 0, 0, 0, 0, 0, 0, 0, 0, 0, 0, 0.9604836428665972, 0, 0, 0, 0, 0, 0, 0.9573884139481764, 0, 0, 0, 0, 0, 0, 0, 0.970746654576313, 0, 0, 0, 0, 0.970746654576313, 0, 0.9604836428665972, 0, 0, 0, 0, 0, 0, 0.970746654576313, 0, 0, 0, 0, 0, 0, 0, 0, 0, 0, 0, 0, 0, 0, 0, 0, 0, 0, 0, 0, 0, 0, 0.970746654576313, 0, 0, 0, 0, 0, 0, 0, 0.970746654576313, 0, 0.9604836428665972, 0, 0, 0, 0, 0, 0, 0, 0, 0, 0, 0, 0, 0.970746654576313, 0, 0, 0, 0, 0, 0, 0, 0, 0, 0, 0, 0, 0, 0, 0, 0, 0, 0, 0.970746654576313, 0, 0, 0, 0, 0.970746654576313, 0.970746654576313, 0, 0, 0, 0, 0
, 0, 0, 0, 0, 0, 0, 0, 0, 0, 0, 0, 0, 0, 0, 0, 0, 0, 0, 0, 0, 0.9438027837913382, 0, 0, 0, 0, 0, 0, 0, 0, 0, 0, 0.9438027837913382, 0, 0, 0.9438027837913382, 0, 0, 0, 0, 0, 0.9438027837913382, 0, 0, 0, 0, 0.924086998138463, 0, 0, 0, 0, 0, 0, 0, 0, 0, 0, 0, 0, 0, 0, 0, 0.9438027837913382, 0, 0, 0, 0, 0, 0, 0, 0, 0, 0, 0.9438027837913382, 0, 0, 0, 0, 0, 0, 0, 0, 0, 0, 0, 0, 0, 0, 0, 0, 0.9438027837913382, 0, 0, 0, 0, 0, 0, 0, 0, 0, 0, 0.9438027837913382, 0, 0, 0, 0, 0, 0, 0, 0, 0, 0, 0, 0, 0, 0, 0, 0, 0, 0, 0, 0, 0, 0, 0, 0, 0.9438027837913382, 0, 0, 0, 0, 0.9438027837913382, 0, 0, 0.9438027837913382, 0, 0, 0, 0, 0, 0, 0, 0, 0, 0, 0, 0, 0, 0.9181409004793916, 0, 0, 0, 0, 0, 0, 0, 0.9438027837913382, 0, 0, 0, 0, 0, 0, 0.9438027837913382, 0, 0, 0, 0, 0, 0, 0, 0, 0, 0, 0, 0, 0, 0, 0, 0, 0, 0, 0.9438027837913382, 0, 0, 0, 0, 0, 0, 0, 0, 0, 0, 0, 0, 0, 0, 0, 0, 0, 0, 0, 0, 0, 0, 0, 0, 0, 0, 0, 0, 0, 0, 0, 0, 0, 0, 0, 0, 0, 0, 0, 0, 0, 0, 0, 0, 0, 0, 0, 0, 0.9438027837913382, 0.9438027837913382, 0, 0, 0, 0, 0, 0, 0, 0, 0.9438027837913382, 0, 0, 0, 0.924086998138463, 0, 0, 0, 0, 0, 0, 0, 0, 0, 0, 0, 0, 0, 0, 0, 0, 0, 0, 0, 0.9438027837913382, 0, 0, 0, 0, 0, 0, 0, 0, 0, 0, 0, 0, 0, 0, 0.9438027837913382, 0, 0.9438027837913382, 0, 0, 0, 0, 0, 0, 0.9438027837913382, 0, 0, 0, 0, 0.9438027837913382, 0, 0, 0, 0, 0, 0, 0, 0, 0, 0, 0.9438027837913382, 0, 0, 0, 0, 0, 0, 0, 0, 0, 0, 0, 0, 0, 0, 0, 0, 0, 0.9181409004793916, 0, 0, 0, 0, 0, 0, 0, 0, 0, 0, 0, 0, 0, 0, 0, 0, 0, 0, 0.924086998138463, 0, 0, 0, 0, 0, 0, 0, 0, 0, 0, 0, 0, 0, 0, 0, 0, 0, 0, 0, 0, 0, 0, 0, 0, 0, 0, 0, 0, 0, 0, 0, 0, 0, 0, 0, 0, 0, 0, 0, 0, 0, 0, 0, 0, 0, 0, 0, 0, 0, 0, 0, 0, 0, 0, 0, 0, 0, 0, 0, 0, 0, 0.9438027837913382, 0, 0, 0, 0, 0.9438027837913382, 0, 0, 0, 0, 0, 0, 0, 0, 0, 0, 0, 0, 0, 0, 0, 0, 0, 0.9438027837913382, 0, 0, 0, 0, 0, 0, 0, 0, 0, 0, 0, 0, 0
, 0, 0, 0, 0, 0, 0, 0, 0, 0, 0, 0, 0, 0, 0, 0, 0, 0.7330632230088563, 0, 0, 0, 0, 0, 0, 0, 0, 0, 0, 0, 0, 0, 0, 0, 0, 0, 0.6394132411576989, 0, 0, 0, 0, 0, 0, 0, 0, 0, 0, 0, 0, 0, 0, 0, 0, 0, 0, 0, 0, 0, 0, 0, 0, 0, 0, 0, 0, 0, 0, 0, 0, 0, 0, 0, 0, 0, 0, 0, 0, 0, 0, 0, 0, 0, 0, 0, 0, 0, 0, 0, 0, 0, 0, 0, 0, 0, 0, 0, 0, 0, 0, 0, 0, 0, 0, 0, 0, 0, 0, 0, 0, 0, 0, 0, 0, 0, 0, 0, 0, 0, 0, 0, 0, 0, 0, 0, 0, 0, 0, 0, 0, 0, 0, 0, 0, 0, 0, 0, 0, 0, 0, 0, 0, 0, 0, 0, 0, 0, 0, 0, 0, 0, 0, 0, 0, 0, 0, 0, 0, 0, 0, 0, 0, 0, 0, 0, 0, 0, 0, 0, 0, 0, 0, 0, 0, 0, 0, 0, 0, 0, 0, 0, 0, 0, 0, 0, 0, 0, 0, 0, 0, 0, 0, 0, 0, 0, 0, 0, 0, 0, 0, 0, 0, 0, 0, 0, 0, 0, 0, 0, 0, 0, 0, 0, 0, 0, 0, 0, 0, 0, 0, 0, 0, 0, 0, 0, 0, 0, 0, 0, 0, 0, 0, 0, 0, 0, 0, 0, 0, 0, 0, 0, 0, 0, 0, 0, 0, 0, 0, 0, 0, 0, 0, 0, 0, 0, 0, 0, 0, 0, 0, 0, 0, 0, 0, 0, 0, 0, 0, 0, 0, 0, 0, 0, 0, 0, 0, 0, 0, 0, 0, 0.7330632230088563, 0, 0, 0, 0, 0, 0, 0, 0, 0, 0, 0, 0, 0, 0, 0, 0, 0, 0, 0, 0, 0, 0, 0, 0, 0, 0, 0, 0, 0, 0, 0, 0, 0, 0, 0, 0, 0, 0, 0, 0, 0, 0, 0, 0, 0, 0, 0, 0, 0, 0, 0, 0, 0, 0, 0, 0, 0, 0, 0, 0, 0, 0, 0, 0.6394132411576989, 0, 0, 0, 0, 0, 0, 0, 0, 0, 0, 0, 0, 0, 0, 0, 0, 0, 0, 0, 0, 0, 0, 0, 0, 0, 0, 0, 0, 0, 0, 0, 0, 0, 0, 0, 0, 0, 0, 0, 0, 0, 0, 0, 0, 0, 0, 0, 0, 0, 0, 0, 0, 0, 0, 0, 0, 0, 0, 0, 0, 0, 0, 0, 0, 0, 0, 0, 0, 0, 0, 0, 0, 0, 0, 0, 0, 0.6394132411576989, 0, 0, 0, 0, 0, 0, 0, 0, 0, 0, 0, 0, 0, 0, 0, 0, 0, 0, 0, 0, 0
, 0, 0, 0, 0, 0, 0, 0, 0, 0, 0, 0, 0, 0, 0, 0, 0, 0, 0, 0, 0, 0, 0, 0, 0, 0, 0, 0, 0, 0, 0, 0, 0, 0, 0, 0.945427266986261, 0, 0, 0, 0, 0, 0, 0, 0, 0, 0, 0.9625351891942254, 0, 0, 0, 0, 0, 0, 0, 0, 0.9625351891942254, 0, 0, 0, 0, 0, 0, 0, 0.9625351891942254, 0, 0, 0, 0, 0, 0, 0, 0.9493913320923086, 0, 0, 0, 0, 0, 0, 0, 0.9625351891942254, 0, 0, 0, 0, 0, 0, 0, 0, 0, 0, 0, 0.9625351891942254, 0, 0, 0.9625351891942254, 0, 0, 0, 0, 0, 0, 0, 0.9625351891942254, 0, 0, 0, 0, 0, 0, 0, 0, 0, 0, 0.9625351891942254, 0, 0, 0, 0, 0, 0, 0, 0, 0, 0, 0, 0, 0.9493913320923086, 0, 0, 0, 0, 0.9625351891942254, 0, 0, 0.9493913320923086, 0, 0, 0, 0, 0, 0, 0, 0, 0, 0, 0, 0, 0, 0.9493913320923086, 0.9625351891942254, 0, 0, 0, 0, 0, 0, 0, 0, 0, 0, 0, 0, 0, 0.9625351891942254, 0, 0, 0, 0, 0, 0, 0, 0, 0, 0, 0, 0, 0, 0, 0, 0, 0, 0, 0, 0, 0.9625351891942254, 0, 0, 0, 0, 0, 0, 0, 0, 0, 0, 0.9625351891942254, 0, 0, 0, 0.9625351891942254, 0, 0, 0, 0, 0, 0, 0, 0, 0, 0.9625351891942254, 0, 0, 0, 0, 0, 0, 0, 0, 0, 0, 0, 0, 0, 0, 0, 0, 0, 0, 0, 0, 0, 0, 0, 0, 0, 0, 0, 0, 0, 0, 0, 0, 0.9493913320923086, 0, 0, 0.9493913320923086, 0, 0, 0, 0, 0, 0, 0, 0, 0, 0, 0, 0, 0, 0, 0, 0, 0.9625351891942254, 0, 0, 0, 0, 0, 0, 0, 0, 0, 0, 0, 0.9625351891942254, 0, 0, 0, 0, 0.9625351891942254, 0, 0, 0, 0, 0, 0, 0, 0, 0, 0, 0, 0, 0, 0, 0, 0, 0, 0, 0, 0, 0, 0, 0, 0, 0, 0, 0, 0, 0, 0, 0, 0.9625351891942254, 0.9625351891942254, 0, 0, 0, 0, 0, 0, 0, 0, 0, 0, 0.945427266986261, 0, 0.9493913320923086, 0, 0, 0, 0.9474245715923327, 0, 0.9493913320923086, 0, 0, 0, 0, 0, 0, 0, 0, 0, 0, 0.9493913320923086, 0, 0, 0, 0, 0, 0, 0, 0, 0, 0, 0, 0, 0, 0, 0, 0, 0, 0, 0, 0, 0, 0, 0, 0, 0, 0, 0, 0, 0, 0, 0, 0, 0, 0, 0, 0, 0, 0, 0, 0, 0, 0.9474245715923327, 0, 0, 0, 0, 0, 0, 0, 0, 0, 0, 0, 0, 0.9625351891942254, 0, 0, 0, 0, 0, 0, 0, 0, 0, 0, 0, 0, 0, 0, 0.9625351891942254, 0.9625351891942254, 0, 0, 0, 0, 0.9625351891942254, 0, 0, 0, 0, 0, 0, 0, 0, 0, 0, 0, 0.9625351891942254, 0, 0, 0, 0, 0, 0, 0, 0, 0, 0
, 0, 0, 0, 0, 0, 0, 0, 0, 0, 0, 0, 0, 0, 0, 0, 0, 0, 0, 0, 0, 0, 0, 0, 0, 0, 0, 0, 0, 0, 0, 0, 0, 0, 0, 0.57290115681417, 0, 0, 0, 0, 0, 0, 0, 0, 0, 0, 0, 0, 0, 0, 0, 0, 0, 0, 0, 0, 0, 0, 0, 0, 0, 0, 0, 0, 0, 0, 0, 0, 0, 0, 0, 0, 0, 0, 0, 0, 0, 0, 0, 0, 0, 0, 0, 0, 0, 0, 0, 0, 0, 0, 0, 0, 0, 0, 0, 0, 0, 0, 0, 0, 0, 0, 0, 0, 0, 0, 0, 0, 0, 0, 0, 0, 0, 0, 0, 0, 0, 0, 0, 0, 0, 0, 0, 0, 0, 0, 0, 0, 0, 0, 0, 0, 0, 0, 0, 0, 0, 0, 0, 0, 0, 0, 0, 0, 0, 0, 0, 0, 0, 0, 0, 0, 0, 0, 0, 0, 0, 0, 0, 0, 0, 0, 0, 0, 0, 0, 0, 0, 0, 0, 0, 0, 0, 0, 0, 0, 0, 0, 0, 0, 0, 0, 0, 0, 0, 0, 0, 0, 0, 0, 0, 0, 0, 0, 0, 0, 0, 0, 0, 0, 0, 0, 0, 0, 0, 0, 0, 0, 0, 0, 0, 0, 0, 0, 0, 0, 0, 0, 0, 0, 0, 0, 0, 0, 0, 0, 0, 0, 0, 0, 0, 0, 0, 0, 0, 0, 0, 0, 0, 0, 0, 0, 0, 0, 0, 0, 0, 0, 0, 0, 0, 0, 0, 0, 0, 0, 0, 0, 0, 0, 0, 0, 0, 0, 0, 0, 0, 0, 0, 0, 0, 0, 0, 0, 0, 0, 0, 0, 0.57290115681417, 0, 0, 0, 0, 0, 0, 0, 0, 0, 0, 0, 0, 0, 0, 0, 0, 0, 0, 0, 0, 0, 0, 0, 0, 0, 0, 0, 0, 0, 0, 0, 0, 0, 0, 0, 0, 0, 0, 0, 0, 0, 0, 0, 0, 0, 0, 0, 0, 0, 0, 0, 0, 0, 0, 0, 0, 0, 0, 0, 0.57290115681417, 0, 0, 0, 0.57290115681417, 0, 0, 0, 0, 0, 0, 0, 0, 0, 0, 0, 0, 0, 0, 0, 0, 0, 0, 0, 0, 0, 0, 0, 0, 0, 0, 0, 0, 0, 0, 0, 0, 0, 0, 0, 0, 0, 0, 0, 0, 0, 0, 0, 0, 0, 0, 0, 0, 0, 0, 0, 0, 0, 0, 0, 0, 0, 0, 0, 0, 0, 0, 0, 0, 0, 0, 0, 0, 0, 0, 0, 0.57290115681417, 0, 0, 0, 0, 0, 0, 0, 0, 0, 0, 0, 0, 0, 0, 0, 0, 0, 0, 0, 0, 0, 0, 0, 0, 0, 0
, 0, 0, 0, 0, 0, 0, 0, 0, 0, 0, 0, 0, 0, 0, 0, 0, 0, 0, 0, 0, 0, 0, 0, 0, 0, 0, 0, 0, 0, 0, 0, 0, 0, 0, 0.8688775422391632, 0, 0, 0, 0, 0, 0, 0, 0, 0, 0, 0, 0, 0, 0.9029320810941296, 0, 0, 0, 0, 0, 0, 0, 0, 0, 0, 0, 0, 0, 0, 0, 0, 0, 0, 0, 0, 0, 0, 0, 0, 0, 0, 0, 0, 0, 0, 0, 0, 0, 0, 0, 0, 0, 0, 0, 0, 0, 0, 0, 0, 0, 0, 0, 0, 0, 0.9029320810941296, 0, 0, 0, 0, 0, 0, 0, 0, 0, 0, 0, 0, 0, 0, 0, 0, 0, 0, 0, 0, 0, 0, 0, 0, 0, 0, 0, 0, 0, 0, 0, 0, 0, 0, 0, 0, 0, 0, 0, 0, 0, 0, 0, 0, 0, 0, 0, 0, 0, 0, 0, 0, 0, 0, 0, 0, 0, 0, 0, 0, 0, 0, 0, 0, 0, 0, 0, 0, 0.9029320810941296, 0, 0, 0, 0, 0, 0, 0, 0.8688775422391632, 0, 0, 0, 0.9029320810941296, 0, 0, 0, 0, 0.9029320810941296, 0, 0, 0, 0, 0, 0, 0, 0, 0, 0, 0, 0, 0, 0, 0, 0, 0.8688775422391632, 0, 0, 0, 0, 0, 0, 0, 0, 0, 0, 0, 0, 0, 0, 0, 0, 0, 0, 0, 0, 0, 0, 0, 0, 0.8688775422391632, 0, 0, 0.9029320810941296, 0, 0, 0, 0, 0, 0, 0, 0, 0, 0, 0, 0, 0, 0, 0, 0, 0, 0, 0, 0, 0, 0, 0, 0, 0, 0, 0, 0, 0, 0, 0, 0, 0, 0, 0, 0, 0, 0, 0, 0, 0, 0, 0, 0, 0, 0, 0, 0, 0, 0, 0, 0, 0, 0, 0, 0, 0, 0, 0, 0, 0, 0, 0, 0, 0, 0, 0, 0, 0, 0, 0, 0, 0, 0, 0, 0.8688775422391632, 0, 0, 0, 0, 0, 0, 0, 0, 0, 0, 0.9029320810941296, 0, 0, 0, 0, 0, 0, 0.9029320810941296, 0, 0, 0, 0, 0, 0, 0, 0, 0, 0, 0, 0, 0, 0, 0, 0, 0, 0.8688775422391632, 0, 0, 0, 0, 0, 0, 0, 0, 0, 0, 0, 0, 0, 0, 0, 0, 0, 0, 0, 0, 0, 0, 0, 0, 0, 0, 0, 0, 0, 0, 0, 0, 0, 0, 0, 0, 0, 0, 0, 0, 0, 0, 0, 0, 0, 0, 0, 0, 0, 0, 0, 0, 0, 0, 0, 0, 0, 0, 0, 0.9029320810941296, 0.9029320810941296, 0, 0, 0, 0, 0, 0, 0, 0, 0, 0, 0, 0, 0, 0, 0, 0, 0, 0, 0, 0, 0, 0, 0, 0, 0, 0, 0, 0, 0, 0, 0, 0, 0, 0, 0, 0, 0
, 0, 0, 0, 0, 0, 0, 0, 0, 0, 0, 0, 0, 0, 0, 0, 0, 0, 0, 0, 0, 0, 0, 0, 0, 0, 0, 0, 0, 0, 0, 0, 0, 0, 0, 0.8076870619507728, 0, 0, 0, 0, 0, 0, 0, 0, 0, 0.8076870619507728, 0, 0, 0, 0, 0, 0, 0, 0, 0, 0, 0, 0, 0, 0, 0, 0, 0, 0, 0, 0, 0, 0, 0, 0, 0, 0, 0, 0, 0, 0, 0, 0, 0, 0, 0, 0, 0, 0, 0, 0, 0, 0, 0, 0, 0, 0, 0.8576337189380567, 0, 0, 0, 0.8576337189380567, 0, 0, 0, 0, 0, 0, 0, 0, 0, 0, 0, 0, 0, 0, 0, 0, 0, 0, 0, 0, 0, 0, 0, 0, 0, 0, 0, 0, 0, 0, 0, 0, 0, 0, 0, 0, 0, 0, 0, 0, 0, 0, 0, 0, 0, 0, 0, 0, 0, 0.8576337189380567, 0, 0, 0, 0, 0, 0, 0, 0, 0, 0, 0, 0, 0, 0, 0, 0, 0, 0, 0, 0, 0, 0, 0, 0, 0, 0, 0, 0, 0, 0, 0, 0, 0, 0, 0, 0, 0, 0, 0, 0, 0, 0, 0, 0, 0, 0, 0, 0, 0, 0, 0, 0, 0, 0, 0, 0, 0, 0, 0, 0, 0, 0, 0, 0, 0, 0, 0, 0, 0, 0, 0, 0.8576337189380567, 0, 0, 0, 0, 0, 0, 0.8576337189380567, 0, 0, 0, 0, 0, 0, 0, 0, 0, 0, 0, 0, 0, 0, 0, 0, 0, 0, 0, 0, 0, 0, 0, 0, 0, 0, 0, 0, 0, 0, 0, 0, 0, 0, 0, 0, 0, 0, 0, 0, 0, 0, 0, 0, 0, 0, 0, 0, 0, 0, 0, 0, 0, 0, 0, 0, 0, 0, 0, 0, 0, 0, 0, 0, 0, 0, 0, 0, 0, 0, 0, 0, 0, 0, 0, 0, 0, 0, 0, 0, 0, 0, 0, 0, 0, 0, 0, 0, 0, 0, 0, 0, 0, 0, 0, 0, 0, 0, 0, 0, 0, 0, 0, 0, 0, 0, 0, 0, 0, 0, 0, 0, 0, 0, 0, 0, 0.8576337189380567, 0, 0, 0, 0, 0, 0, 0, 0, 0, 0, 0, 0, 0, 0, 0, 0, 0, 0, 0, 0, 0, 0, 0, 0, 0, 0, 0, 0, 0, 0, 0, 0, 0, 0, 0, 0, 0, 0, 0, 0, 0, 0, 0, 0, 0, 0, 0.8576337189380567, 0, 0, 0, 0, 0, 0, 0, 0, 0, 0, 0, 0, 0, 0, 0, 0, 0, 0, 0, 0, 0, 0, 0, 0, 0, 0, 0, 0, 0, 0.8576337189380567, 0, 0, 0, 0, 0, 0, 0, 0, 0, 0, 0, 0, 0, 0, 0, 0, 0.792623614547792, 0, 0, 0, 0
, 0, 0, 0, 0, 0, 0, 0.9726218690265493, 0, 0, 0, 0, 0, 0, 0, 0, 0, 0, 0, 0, 0.9726218690265493, 0, 0, 0, 0, 0, 0, 0.9726218690265493, 0, 0, 0, 0, 0, 0, 0, 0.9829860452805531, 0, 0, 0, 0, 0, 0, 0, 0, 0, 0, 0, 0, 0, 0, 0, 0, 0, 0, 0, 0, 0, 0.9726218690265493, 0, 0, 0, 0, 0, 0, 0.9726218690265493, 0, 0, 0, 0.9630167426828409, 0, 0.9726218690265493, 0, 0.9726218690265493, 0, 0.9726218690265493, 0, 0, 0, 0, 0, 0, 0, 0, 0, 0, 0, 0, 0, 0, 0, 0, 0, 0, 0.9726218690265493, 0, 0, 0, 0, 0, 0, 0, 0.9601199258745754, 0, 0, 0.9615794946251662, 0, 0, 0, 0, 0, 0, 0, 0, 0, 0, 0, 0, 0, 0, 0, 0, 0, 0, 0, 0, 0, 0, 0, 0, 0, 0, 0, 0, 0, 0, 0.9726218690265493, 0, 0, 0, 0, 0, 0, 0.9630167426828409, 0, 0, 0, 0, 0, 0, 0, 0, 0.9726218690265493, 0, 0, 0.9726218690265493, 0.9726218690265493, 0, 0.9601199258745754, 0, 0, 0, 0, 0.9726218690265493, 0, 0, 0.9630167426828409, 0, 0, 0, 0, 0, 0, 0, 0, 0.9662784420836507, 0, 0, 0, 0, 0, 0, 0, 0, 0, 0, 0, 0, 0, 0, 0, 0, 0, 0.9829860452805531, 0, 0.9726218690265493, 0, 0, 0, 0, 0, 0, 0, 0, 0, 0, 0, 0.9726218690265493, 0, 0, 0, 0, 0, 0, 0, 0, 0, 0, 0, 0, 0, 0, 0, 0.9726218690265493, 0, 0, 0, 0, 0, 0, 0, 0, 0, 0, 0, 0, 0, 0, 0, 0, 0, 0, 0, 0, 0, 0, 0, 0, 0, 0, 0, 0, 0, 0, 0, 0, 0, 0, 0, 0, 0, 0, 0, 0, 0, 0, 0, 0, 0, 0, 0, 0, 0, 0, 0.9726218690265493, 0, 0, 0, 0, 0.9735588656383773, 0, 0, 0, 0, 0, 0, 0, 0.9726218690265493, 0, 0, 0, 0, 0, 0, 0, 0, 0, 0, 0, 0, 0, 0, 0.9726218690265493, 0, 0, 0, 0, 0, 0, 0, 0, 0, 0, 0, 0, 0, 0.9726218690265493, 0, 0, 0, 0, 0, 0, 0, 0, 0, 0, 0, 0, 0, 0, 0, 0, 0, 0, 0, 0, 0, 0, 0, 0, 0, 0, 0.9662784420836507, 0, 0, 0, 0, 0, 0, 0, 0, 0, 0, 0, 0, 0, 0, 0, 0.9630167426828409, 0, 0, 0, 0, 0, 0, 0.9630167426828409, 0, 0, 0, 0, 0, 0, 0, 0, 0, 0, 0, 0, 0, 0, 0, 0, 0.9726218690265493, 0, 0, 0, 0.9726218690265493, 0, 0, 0, 0, 0, 0, 0, 0, 0, 0.9601199258745754, 0, 0, 0, 0.9726218690265493, 0, 0, 0, 0, 0, 0, 0, 0, 0, 0, 0, 0, 0, 0, 0, 0, 0, 0, 0, 0, 0, 0, 0, 0, 0, 0, 0, 0, 0, 0, 0, 0, 0, 0, 0, 0, 0, 0.9726218690265493, 0, 0
, 0, 0, 0, 0, 0, 0, 0, 0, 0.8932252892035425, 0, 0, 0, 0, 0, 0, 0, 0, 0, 0, 0, 0, 0, 0, 0, 0, 0, 0, 0.8932252892035425, 0, 0, 0, 0, 0, 0, 0, 0, 0, 0, 0, 0, 0, 0, 0, 0, 0, 0, 0, 0, 0, 0, 0, 0, 0, 0, 0, 0, 0, 0, 0, 0, 0, 0, 0, 0, 0, 0, 0, 0, 0, 0, 0, 0, 0, 0, 0, 0, 0, 0, 0, 0, 0, 0, 0, 0, 0, 0, 0, 0, 0, 0, 0, 0, 0, 0, 0, 0, 0, 0, 0, 0, 0, 0, 0, 0, 0, 0, 0, 0, 0, 0, 0, 0, 0, 0, 0, 0, 0, 0.8932252892035425, 0, 0, 0, 0, 0, 0, 0.8932252892035425, 0, 0, 0, 0, 0, 0, 0, 0, 0, 0, 0, 0, 0, 0, 0, 0, 0, 0, 0, 0, 0, 0, 0, 0, 0.8932252892035425, 0, 0, 0, 0, 0, 0, 0, 0, 0, 0, 0, 0, 0, 0, 0, 0, 0, 0, 0, 0, 0, 0, 0, 0, 0, 0, 0, 0, 0, 0, 0, 0, 0, 0, 0, 0, 0, 0, 0, 0, 0, 0, 0, 0, 0, 0, 0, 0, 0, 0, 0, 0, 0.8932252892035425, 0, 0, 0, 0, 0, 0, 0, 0, 0, 0, 0, 0, 0, 0, 0, 0, 0, 0, 0, 0, 0, 0, 0, 0, 0, 0, 0, 0, 0, 0, 0, 0, 0, 0, 0, 0, 0, 0, 0, 0, 0, 0, 0.8932252892035425, 0, 0, 0, 0, 0, 0, 0, 0, 0, 0, 0, 0, 0, 0, 0.844467710910844, 0, 0, 0, 0, 0, 0, 0.8932252892035425, 0.8932252892035425, 0, 0, 0, 0, 0, 0, 0, 0, 0, 0, 0, 0, 0, 0, 0, 0, 0, 0, 0, 0, 0, 0, 0, 0, 0, 0, 0, 0, 0.8932252892035425, 0, 0, 0, 0, 0, 0, 0, 0, 0, 0, 0, 0.8932252892035425, 0, 0, 0, 0, 0, 0, 0, 0, 0, 0, 0, 0, 0, 0, 0, 0, 0, 0, 0, 0, 0, 0, 0.8932252892035425, 0, 0, 0, 0, 0, 0, 0, 0, 0, 0.8557652964630795, 0, 0, 0, 0, 0, 0, 0, 0, 0, 0, 0.8932252892035425, 0, 0, 0, 0, 0, 0, 0, 0, 0, 0, 0, 0, 0, 0, 0, 0, 0, 0, 0, 0, 0, 0, 0, 0.8932252892035425, 0, 0, 0, 0, 0, 0, 0, 0, 0, 0, 0, 0, 0, 0, 0, 0, 0, 0, 0, 0, 0, 0, 0, 0, 0, 0, 0, 0, 0, 0, 0, 0, 0, 0, 0, 0, 0, 0, 0, 0, 0, 0, 0, 0, 0, 0, 0, 0, 0, 0.8932252892035425, 0, 0, 0, 0, 0, 0, 0, 0, 0, 0, 0, 0
, 0, 0, 0, 0, 0.8474646988622037, 0, 0, 0, 0, 0, 0, 0, 0, 0, 0, 0, 0, 0, 0.8474646988622037, 0, 0, 0, 0, 0, 0, 0, 0, 0, 0, 0, 0, 0, 0, 0, 0.8474646988622037, 0, 0, 0, 0, 0, 0, 0, 0, 0, 0, 0, 0, 0, 0, 0, 0, 0, 0, 0, 0, 0, 0, 0.8474646988622037, 0, 0.8474646988622037, 0, 0, 0, 0, 0, 0, 0, 0, 0.8474646988622037, 0, 0, 0, 0, 0, 0, 0, 0, 0, 0, 0, 0, 0, 0, 0, 0, 0, 0, 0, 0, 0, 0, 0, 0, 0, 0, 0, 0, 0, 0, 0, 0, 0, 0, 0, 0, 0, 0, 0, 0, 0, 0, 0, 0, 0, 0, 0, 0, 0, 0, 0, 0, 0, 0, 0, 0, 0, 0, 0, 0, 0, 0, 0, 0, 0, 0, 0, 0, 0, 0, 0, 0, 0, 0, 0, 0, 0, 0, 0, 0, 0, 0, 0, 0, 0, 0, 0, 0, 0, 0, 0, 0, 0, 0, 0, 0, 0, 0, 0, 0, 0, 0, 0, 0, 0, 0, 0, 0, 0, 0, 0, 0, 0, 0, 0, 0, 0, 0, 0, 0, 0, 0, 0, 0, 0, 0, 0, 0, 0, 0, 0, 0, 0, 0, 0, 0, 0, 0, 0, 0, 0, 0, 0, 0, 0, 0, 0, 0, 0, 0, 0, 0, 0, 0, 0, 0, 0, 0, 0, 0, 0, 0, 0, 0, 0, 0, 0, 0, 0, 0, 0, 0, 0, 0, 0, 0, 0, 0, 0, 0, 0, 0, 0, 0, 0.7939504235186852, 0, 0, 0, 0, 0, 0, 0, 0, 0, 0, 0, 0, 0, 0, 0, 0, 0.8474646988622037, 0, 0, 0, 0, 0, 0, 0.8474646988622037, 0, 0, 0, 0, 0, 0, 0, 0, 0, 0, 0, 0, 0, 0, 0, 0, 0, 0, 0, 0, 0, 0, 0, 0, 0, 0, 0, 0, 0, 0, 0, 0, 0, 0, 0, 0, 0, 0, 0, 0, 0, 0, 0, 0, 0, 0, 0, 0, 0, 0, 0, 0, 0, 0, 0, 0, 0, 0, 0, 0, 0, 0, 0, 0.8474646988622037, 0, 0, 0, 0, 0, 0, 0, 0, 0, 0.8474646988622037, 0.8474646988622037, 0, 0, 0, 0, 0, 0, 0, 0, 0, 0, 0, 0, 0, 0, 0, 0, 0, 0, 0, 0, 0, 0, 0, 0, 0, 0, 0, 0, 0, 0, 0, 0, 0, 0, 0, 0, 0, 0, 0, 0, 0, 0, 0, 0, 0, 0, 0, 0, 0, 0, 0, 0, 0, 0, 0, 0, 0, 0, 0, 0, 0, 0, 0, 0, 0, 0, 0, 0, 0, 0, 0.8474646988622037, 0, 0, 0, 0, 0, 0, 0, 0, 0, 0, 0, 0, 0, 0, 0, 0
, 0, 0, 0, 0, 0, 0, 0, 0, 0, 0, 0, 0, 0, 0, 0, 0, 0, 0, 0, 0, 0, 0, 0, 0, 0, 0, 0, 0, 0, 0, 0.898309799241469, 0, 0, 0, 0.8626336156791234, 0, 0, 0, 0, 0, 0, 0, 0, 0, 0, 0, 0, 0, 0, 0, 0, 0, 0, 0.898309799241469, 0, 0, 0, 0, 0, 0, 0, 0, 0, 0, 0, 0, 0, 0, 0, 0, 0, 0, 0, 0, 0, 0.898309799241469, 0, 0, 0, 0, 0, 0, 0, 0, 0, 0, 0, 0, 0, 0, 0, 0, 0, 0, 0, 0, 0, 0, 0, 0, 0, 0, 0, 0, 0, 0, 0, 0, 0, 0, 0, 0, 0, 0, 0, 0, 0, 0, 0, 0.898309799241469, 0.898309799241469, 0, 0, 0, 0, 0, 0, 0, 0, 0, 0, 0, 0, 0, 0, 0, 0, 0, 0.898309799241469, 0, 0.898309799241469, 0, 0, 0, 0, 0, 0, 0, 0, 0, 0, 0, 0, 0, 0, 0, 0, 0, 0, 0.898309799241469, 0, 0, 0, 0, 0, 0, 0, 0, 0, 0, 0, 0, 0, 0, 0, 0, 0, 0, 0, 0, 0, 0, 0, 0, 0, 0, 0, 0, 0, 0, 0, 0, 0, 0, 0, 0, 0, 0, 0, 0, 0, 0, 0, 0, 0, 0, 0, 0, 0, 0, 0, 0, 0, 0, 0, 0, 0, 0, 0, 0, 0, 0, 0, 0, 0, 0, 0, 0, 0, 0, 0, 0, 0, 0, 0, 0, 0, 0, 0, 0, 0, 0, 0, 0, 0, 0, 0, 0, 0, 0, 0, 0, 0, 0, 0, 0, 0, 0, 0, 0, 0, 0, 0, 0, 0, 0, 0, 0, 0, 0, 0, 0, 0, 0, 0, 0, 0, 0.8626336156791234, 0, 0, 0, 0, 0, 0, 0, 0, 0, 0, 0, 0, 0, 0, 0, 0, 0, 0, 0, 0, 0, 0, 0, 0, 0, 0, 0, 0, 0, 0, 0, 0, 0, 0, 0, 0, 0, 0, 0, 0, 0, 0, 0, 0.898309799241469, 0, 0, 0, 0, 0.898309799241469, 0, 0, 0, 0, 0.898309799241469, 0, 0, 0, 0, 0, 0, 0, 0, 0, 0.8626336156791234, 0, 0, 0, 0, 0, 0, 0, 0, 0, 0, 0, 0, 0, 0, 0, 0, 0, 0, 0, 0, 0, 0, 0, 0, 0, 0, 0, 0, 0, 0, 0, 0, 0, 0, 0, 0, 0, 0, 0, 0, 0, 0, 0.8626336156791234, 0, 0, 0, 0, 0, 0, 0, 0, 0, 0, 0, 0, 0, 0, 0, 0, 0, 0, 0, 0, 0, 0, 0.898309799241469, 0, 0, 0, 0, 0, 0, 0, 0, 0, 0, 0, 0.898309799241469, 0, 0, 0, 0, 0, 0, 0, 0, 0, 0, 0, 0, 0, 0, 0, 0, 0, 0, 0, 0
, 0, 0, 0, 0, 0, 0, 0, 0, 0, 0, 0, 0, 0, 0, 0, 0.966632902876107, 0, 0, 0, 0, 0.966632902876107, 0, 0, 0, 0, 0.966632902876107, 0, 0, 0, 0, 0, 0, 0.966632902876107, 0.966632902876107, 0, 0, 0, 0.9549266551447124, 0, 0, 0.966632902876107, 0, 0, 0, 0, 0, 0, 0, 0, 0, 0, 0, 0, 0, 0, 0, 0, 0.9549266551447124, 0, 0, 0.966632902876107, 0, 0, 0, 0.966632902876107, 0, 0, 0, 0, 0, 0, 0, 0, 0, 0, 0, 0, 0, 0, 0, 0, 0, 0, 0, 0, 0, 0, 0, 0, 0, 0, 0, 0, 0, 0, 0, 0, 0, 0, 0, 0.966632902876107, 0, 0, 0, 0, 0, 0, 0.9589018512894493, 0.966632902876107, 0, 0, 0.966632902876107, 0, 0, 0, 0, 0, 0, 0, 0, 0.9549266551447124, 0, 0, 0, 0, 0, 0.9531750090744213, 0, 0, 0.966632902876107, 0, 0, 0.9549266551447124, 0, 0, 0, 0, 0, 0, 0, 0, 0, 0, 0, 0.966632902876107, 0, 0, 0, 0, 0, 0, 0, 0, 0, 0, 0, 0, 0, 0.966632902876107, 0, 0, 0, 0, 0, 0, 0, 0, 0, 0, 0, 0, 0, 0, 0, 0, 0.966632902876107, 0, 0, 0, 0, 0, 0, 0, 0, 0, 0, 0, 0, 0, 0, 0, 0, 0, 0, 0, 0, 0, 0, 0, 0, 0, 0, 0, 0, 0, 0, 0, 0, 0, 0, 0, 0.966632902876107, 0.966632902876107, 0, 0, 0, 0, 0, 0, 0, 0, 0, 0, 0, 0, 0, 0, 0, 0, 0, 0, 0, 0, 0, 0, 0, 0, 0, 0, 0, 0, 0, 0.9549266551447124, 0.966632902876107, 0, 0.966632902876107, 0, 0, 0.966632902876107, 0, 0, 0, 0.966632902876107, 0, 0, 0, 0, 0, 0, 0.966632902876107, 0, 0, 0, 0, 0, 0, 0.966632902876107, 0, 0, 0, 0, 0, 0, 0, 0, 0, 0, 0, 0, 0, 0, 0, 0, 0, 0, 0, 0, 0, 0, 0, 0, 0, 0.966632902876107, 0, 0.966632902876107, 0, 0, 0, 0, 0.966632902876107, 0, 0, 0, 0, 0, 0, 0, 0, 0.966632902876107, 0, 0, 0, 0, 0.966632902876107, 0, 0, 0, 0, 0, 0.966632902876107, 0, 0, 0, 0, 0, 0, 0, 0, 0, 0, 0, 0, 0, 0, 0, 0, 0, 0, 0, 0, 0, 0.9549266551447124, 0.966632902876107, 0, 0, 0, 0, 0, 0, 0, 0, 0.966632902876107, 0, 0, 0, 0, 0, 0, 0.966632902876107, 0, 0, 0, 0, 0, 0, 0, 0.966632902876107, 0, 0, 0, 0, 0, 0, 0, 0, 0, 0, 0, 0, 0, 0, 0, 0, 0, 0, 0, 0, 0.9549266551447124, 0, 0.966632902876107, 0, 0, 0.966632902876107, 0, 0, 0, 0, 0, 0, 0, 0, 0, 0, 0, 0, 0.966632902876107, 0, 0, 0, 0, 0.966632902876107, 0, 0, 0, 0, 0, 0, 0, 0, 0, 0, 0, 0, 0, 0, 0.966632902876107, 0, 0, 0, 0, 0, 0, 0.9513961596596388, 0, 0, 0, 0, 0, 0, 0
, 0, 0, 0, 0, 0, 0, 0, 0, 0, 0, 0, 0, 0, 0, 0, 0, 0, 0, 0, 0, 0, 0, 0, 0, 0, 0, 0, 0, 0, 0, 0, 0, 0, 0, 0.8876055675826764, 0, 0.8876055675826764, 0, 0, 0, 0.8876055675826764, 0, 0, 0, 0, 0.8876055675826764, 0, 0, 0, 0, 0, 0, 0, 0, 0, 0, 0, 0, 0, 0, 0, 0, 0, 0, 0, 0, 0, 0, 0, 0, 0, 0, 0, 0, 0, 0, 0, 0, 0, 0, 0, 0, 0, 0, 0, 0, 0, 0, 0, 0, 0, 0, 0, 0, 0, 0, 0, 0, 0, 0, 0, 0, 0, 0, 0, 0, 0, 0, 0, 0, 0, 0, 0, 0, 0, 0, 0, 0, 0, 0, 0, 0.8876055675826764, 0, 0, 0, 0, 0, 0, 0, 0, 0, 0, 0, 0, 0, 0, 0.8876055675826764, 0, 0, 0, 0, 0, 0, 0, 0, 0, 0, 0.8876055675826764, 0, 0, 0, 0, 0, 0, 0, 0, 0, 0, 0, 0, 0, 0, 0, 0, 0, 0, 0, 0, 0, 0, 0, 0, 0, 0, 0, 0, 0, 0, 0.8876055675826764, 0, 0, 0, 0, 0, 0, 0, 0, 0, 0, 0, 0, 0, 0, 0, 0, 0, 0, 0, 0, 0, 0, 0, 0, 0, 0, 0, 0, 0, 0, 0, 0, 0, 0, 0, 0, 0, 0, 0, 0, 0, 0, 0, 0, 0, 0, 0, 0, 0, 0, 0, 0, 0, 0, 0, 0, 0, 0, 0, 0, 0, 0, 0, 0, 0, 0.8876055675826764, 0, 0, 0, 0, 0, 0, 0, 0, 0, 0, 0, 0, 0, 0.8876055675826764, 0, 0, 0, 0, 0, 0, 0.8876055675826764, 0, 0, 0, 0, 0, 0, 0, 0, 0, 0.8876055675826764, 0, 0, 0, 0, 0, 0, 0, 0, 0, 0, 0, 0, 0, 0, 0.8876055675826764, 0, 0, 0.8876055675826764, 0, 0, 0, 0, 0, 0, 0, 0, 0, 0, 0, 0, 0, 0, 0, 0, 0, 0, 0, 0, 0, 0, 0, 0, 0, 0, 0, 0, 0.8876055675826764, 0, 0, 0, 0, 0, 0, 0, 0, 0, 0, 0, 0, 0.8876055675826764, 0, 0, 0, 0, 0, 0.8481739962769259, 0, 0, 0, 0, 0, 0, 0, 0, 0, 0, 0, 0, 0, 0, 0, 0, 0, 0, 0, 0, 0, 0, 0, 0, 0, 0, 0, 0, 0, 0, 0, 0, 0, 0, 0, 0, 0, 0, 0, 0, 0, 0, 0, 0, 0, 0, 0, 0, 0, 0, 0, 0, 0, 0, 0, 0, 0, 0, 0, 0, 0, 0, 0, 0, 0, 0, 0, 0, 0, 0, 0, 0, 0, 0, 0, 0.8876055675826764, 0, 0, 0, 0, 0, 0, 0, 0, 0, 0, 0, 0, 0, 0, 0, 0, 0, 0, 0, 0, 0, 0
, 0, 0, 0, 0, 0, 0, 0, 0.9311130898087371, 0, 0, 0, 0, 0, 0, 0, 0, 0, 0, 0, 0, 0, 0.9311130898087371, 0, 0, 0, 0, 0, 0, 0, 0, 0, 0, 0, 0, 0.8996565876844155, 0, 0, 0, 0, 0, 0, 0, 0, 0, 0, 0, 0, 0, 0, 0, 0, 0, 0, 0, 0, 0, 0, 0, 0.9311130898087371, 0, 0, 0, 0, 0, 0, 0, 0, 0, 0, 0, 0, 0, 0, 0, 0, 0, 0.9311130898087371, 0, 0, 0, 0, 0, 0, 0, 0, 0, 0, 0, 0.9311130898087371, 0, 0, 0, 0, 0, 0, 0, 0, 0, 0, 0, 0, 0, 0, 0, 0.9311130898087371, 0, 0.9311130898087371, 0, 0, 0, 0, 0, 0, 0.9311130898087371, 0, 0, 0, 0, 0, 0, 0, 0, 0, 0, 0, 0, 0, 0, 0, 0, 0, 0.8996565876844155, 0, 0, 0, 0, 0, 0, 0, 0, 0, 0, 0, 0, 0, 0, 0, 0, 0, 0, 0, 0, 0, 0, 0, 0, 0, 0, 0, 0, 0, 0, 0, 0, 0, 0, 0, 0, 0, 0, 0, 0, 0.9311130898087371, 0, 0, 0, 0, 0, 0, 0, 0, 0, 0, 0, 0, 0, 0, 0, 0, 0, 0, 0, 0, 0, 0, 0, 0, 0, 0, 0, 0, 0, 0, 0, 0, 0, 0, 0, 0, 0, 0, 0, 0, 0, 0, 0, 0, 0, 0, 0, 0, 0, 0, 0, 0, 0, 0, 0, 0, 0, 0, 0, 0.8996565876844155, 0, 0, 0, 0, 0, 0, 0, 0, 0, 0, 0, 0, 0, 0, 0, 0, 0.9311130898087371, 0, 0, 0, 0, 0, 0, 0, 0, 0, 0, 0, 0, 0, 0, 0, 0, 0, 0, 0, 0, 0, 0, 0, 0, 0, 0, 0, 0.9069453525568255, 0, 0, 0, 0, 0, 0, 0, 0, 0, 0.9311130898087371, 0, 0, 0, 0, 0, 0, 0, 0, 0, 0, 0, 0, 0, 0, 0, 0, 0, 0, 0, 0, 0, 0, 0, 0, 0, 0, 0, 0, 0, 0, 0, 0, 0, 0, 0, 0, 0, 0, 0, 0, 0, 0, 0, 0, 0, 0, 0, 0, 0, 0, 0, 0, 0, 0, 0, 0, 0, 0, 0.9311130898087371, 0, 0, 0, 0, 0, 0, 0, 0, 0, 0, 0, 0, 0.9311130898087371, 0, 0.9311130898087371, 0, 0, 0, 0, 0, 0, 0, 0, 0, 0, 0, 0, 0, 0.9069453525568255, 0, 0, 0.9311130898087371, 0, 0, 0, 0, 0.9311130898087371, 0, 0, 0, 0, 0, 0, 0, 0, 0, 0, 0, 0, 0, 0, 0, 0, 0.9311130898087371, 0, 0, 0, 0, 0, 0, 0, 0.9311130898087371, 0, 0, 0, 0, 0, 0, 0, 0, 0, 0, 0, 0, 0, 0, 0, 0, 0, 0, 0, 0, 0, 0, 0, 0, 0, 0, 0, 0, 0, 0, 0
, 0, 0.9758864668078828, 0, 0, 0, 0, 0, 0, 0, 0.9776380304593921, 0, 0, 0.9834457812718671, 0, 0, 0, 0, 0, 0.9834457812718671, 0, 0, 0, 0.9834457812718671, 0, 0, 0, 0, 0, 0, 0, 0, 0, 0, 0.9834457812718671, 0.9767689967501005, 0.9834457812718671, 0, 0, 0, 0, 0, 0.9834457812718671, 0, 0.9834457812718671, 0, 0, 0, 0.9834457812718671, 0, 0, 0.9834457812718671, 0.9834457812718671, 0.9834457812718671, 0, 0, 0, 0, 0, 0, 0, 0.9776380304593921, 0, 0, 0, 0, 0.9834457812718671, 0, 0.9776380304593921, 0, 0, 0, 0, 0, 0, 0.9834457812718671, 0, 0, 0.9834457812718671, 0, 0, 0, 0.9834457812718671, 0, 0.9834457812718671, 0, 0, 0.9776380304593921, 0.9758864668078828, 0, 0, 0, 0, 0, 0, 0, 0, 0.9834457812718671, 0.9834457812718671, 0, 0.9834457812718671, 1.0043067694004932, 0, 0, 0, 0, 0.9834457812718671, 0, 0, 0, 0, 0.9834457812718671, 0, 0, 0, 0, 0.9834457812718671, 0, 0, 0, 0, 0, 0, 0, 0, 0, 0, 0, 0, 0, 0, 0, 0, 0, 0, 0, 0.9834457812718671, 0, 0.9834457812718671, 0, 0.9834457812718671, 0, 0, 0, 0.9776380304593921, 0, 0, 0, 0, 0, 0, 0, 0.9834457812718671, 0, 0, 0, 0.9834457812718671, 0, 0, 0, 0, 0, 0, 0, 0, 0, 0, 0.9834457812718671, 0, 0, 0, 0, 0, 0, 0, 0, 0, 0, 0, 0, 0.9840123373627397, 0, 0, 0, 0, 0, 0, 0, 0, 0, 0.9834457812718671, 0.9834457812718671, 0, 0, 0, 0, 0, 0, 0.9834457812718671, 0, 0, 0, 0, 0, 0, 0, 0, 0.9834457812718671, 0, 0, 0, 0.9834457812718671, 0.9834457812718671, 0, 0.9834457812718671, 0, 0.9834457812718671, 0, 0, 0, 0, 0, 0, 0.9767689967501005, 0.9834457812718671, 0, 0, 0, 0, 0, 0, 0, 0, 0, 0, 0.9834457812718671, 0, 0, 0, 0, 0, 0, 0, 0, 0, 0, 0, 0, 0, 0.9834457812718671, 0, 0, 0, 0, 0, 0, 0, 0, 0, 0, 0, 0, 0, 0, 0, 0, 0, 0, 0, 0, 0, 0, 0.9834457812718671, 0, 0, 0, 0, 0, 0, 0, 0, 0.9834457812718671, 0, 0, 0, 0.9834457812718671, 0, 0, 0, 0, 0, 0, 0, 0, 0, 0, 0, 0, 0, 0.9834457812718671, 0, 0, 0.9834457812718671, 0, 0, 0, 0, 0.9834457812718671, 0, 0, 0, 0, 0, 0, 0, 0, 0.9796102207947656, 0, 0, 0, 0, 0, 0, 0, 0, 0, 0, 0, 0, 0, 0, 0, 0, 0, 0, 0.9965238651628333, 0, 0, 0, 0.9834457812718671, 0, 0, 0.9767689967501005, 0.9767689967501005, 0, 0, 0.9834457812718671, 0, 0, 0, 0, 0, 0.9776380304593921, 0, 0, 0, 0, 0, 0, 0.9834457812718671, 0, 0.9834457812718671, 0, 0, 0, 0, 0, 0, 0, 0, 0, 0.9834457812718671, 0.9834457812718671, 0, 0, 0, 0, 0.9834457812718671, 0, 0, 0.9834457812718671, 0.9834457812718671, 0, 0.9834457812718671, 0, 0, 0, 0, 0, 0, 0, 0, 0, 0, 0, 0, 0, 0, 0.9834457812718671, 0.9834457812718671, 0, 0.9834457812718671, 0, 0, 0, 0, 0, 0, 0, 0, 0, 0, 0, 0, 0, 0, 0, 0.9834457812718671, 0, 0, 0, 0, 0.9834457812718671, 0, 0, 0, 0, 0, 0, 0, 0, 0, 0.9840123373627397, 0, 0, 0, 0, 0, 0, 0, 0.9834457812718671
, 0, 0, 0, 0, 0, 0, 0, 0, 0, 0, 0, 0, 0, 0, 0, 0, 0, 0, 0, 0, 0, 0, 0, 0, 0, 0, 0, 0, 0, 0, 0, 0, 0, 0, 0.8813614324483806, 0, 0, 0, 0.8397392182923107, 0, 0, 0, 0, 0, 0, 0, 0, 0, 0, 0, 0, 0, 0, 0, 0, 0, 0, 0, 0, 0, 0, 0, 0, 0, 0, 0, 0.8397392182923107, 0, 0, 0, 0, 0, 0, 0, 0, 0, 0, 0, 0, 0, 0, 0, 0, 0, 0.8813614324483806, 0.8813614324483806, 0, 0, 0, 0, 0, 0, 0, 0, 0.8813614324483806, 0, 0, 0, 0, 0, 0, 0, 0, 0, 0, 0, 0, 0, 0, 0, 0, 0, 0, 0, 0, 0, 0, 0, 0, 0, 0, 0, 0.8813614324483806, 0, 0, 0, 0, 0, 0, 0, 0, 0, 0, 0, 0, 0, 0, 0, 0, 0, 0, 0, 0, 0, 0, 0, 0, 0, 0, 0, 0, 0, 0, 0, 0, 0, 0, 0, 0, 0, 0, 0, 0, 0, 0, 0.8813614324483806, 0, 0, 0, 0, 0, 0, 0, 0, 0, 0, 0, 0, 0, 0, 0, 0, 0, 0, 0, 0, 0, 0, 0, 0, 0, 0, 0, 0, 0, 0, 0, 0, 0, 0, 0, 0, 0, 0, 0, 0, 0, 0, 0, 0, 0.8813614324483806, 0, 0, 0, 0, 0, 0, 0, 0, 0, 0, 0, 0, 0, 0, 0, 0, 0, 0, 0, 0, 0, 0, 0, 0, 0, 0, 0, 0, 0, 0, 0, 0, 0, 0, 0, 0, 0, 0, 0, 0, 0.8813614324483806, 0, 0, 0, 0, 0, 0, 0, 0, 0, 0, 0, 0.8813614324483806, 0, 0, 0, 0, 0, 0, 0, 0, 0, 0, 0.8813614324483806, 0, 0, 0, 0, 0, 0, 0, 0, 0, 0, 0, 0, 0, 0, 0, 0, 0, 0, 0, 0, 0, 0, 0, 0, 0, 0, 0, 0, 0, 0, 0, 0, 0, 0, 0, 0, 0, 0, 0, 0, 0, 0, 0, 0, 0, 0, 0, 0, 0, 0, 0, 0, 0, 0, 0, 0, 0, 0, 0, 0, 0, 0, 0, 0, 0, 0, 0, 0, 0, 0, 0, 0, 0, 0, 0, 0.8813614324483806, 0, 0, 0, 0.8813614324483806, 0.8397392182923107, 0, 0, 0, 0, 0, 0, 0, 0, 0, 0, 0, 0, 0, 0, 0, 0, 0, 0, 0, 0, 0, 0, 0, 0, 0, 0, 0, 0, 0, 0, 0, 0, 0, 0, 0, 0, 0, 0, 0, 0, 0, 0, 0, 0, 0, 0, 0, 0, 0, 0, 0, 0, 0, 0, 0, 0, 0, 0, 0, 0, 0, 0, 0, 0, 0, 0, 0, 0, 0, 0, 0, 0, 0, 0, 0, 0, 0, 0, 0, 0, 0, 0, 0, 0
, 0.9311130898087371, 0, 0, 0, 0, 0, 0, 0, 0, 0, 0, 0, 0, 0, 0, 0, 0, 0, 0, 0, 0, 0, 0, 0, 0, 0, 0, 0, 0, 0, 0, 0, 0, 0, 0.9069453525568255, 0, 0, 0, 0, 0, 0, 0, 0, 0, 0, 0, 0, 0, 0, 0, 0, 0, 0, 0, 0, 0, 0, 0, 0, 0, 0, 0, 0, 0, 0, 0, 0, 0, 0, 0, 0, 0, 0, 0, 0, 0, 0, 0, 0, 0, 0.9311130898087371, 0, 0, 0, 0, 0, 0, 0, 0, 0, 0, 0, 0, 0, 0, 0, 0, 0, 0, 0, 0, 0, 0, 0, 0, 0, 0, 0, 0, 0.9311130898087371, 0, 0, 0, 0, 0, 0, 0, 0, 0, 0, 0, 0, 0, 0, 0, 0, 0, 0, 0, 0, 0, 0, 0, 0, 0, 0, 0, 0, 0, 0, 0, 0, 0, 0, 0, 0, 0, 0, 0, 0, 0, 0, 0, 0, 0, 0, 0, 0, 0, 0, 0, 0, 0, 0, 0, 0, 0, 0, 0, 0, 0, 0, 0, 0, 0, 0, 0, 0, 0, 0.9069453525568255, 0, 0, 0, 0, 0, 0, 0, 0, 0, 0, 0, 0, 0, 0, 0, 0, 0, 0, 0, 0, 0, 0, 0, 0, 0, 0, 0, 0, 0, 0, 0, 0, 0, 0, 0, 0, 0, 0, 0.9311130898087371, 0, 0, 0, 0, 0, 0, 0, 0, 0, 0, 0, 0, 0, 0, 0, 0, 0, 0, 0, 0.8996565876844155, 0, 0, 0, 0, 0, 0, 0, 0, 0.9311130898087371, 0, 0, 0.9311130898087371, 0, 0, 0, 0, 0.9311130898087371, 0, 0, 0, 0, 0, 0, 0, 0, 0, 0, 0, 0, 0, 0.9311130898087371, 0, 0, 0, 0, 0, 0, 0, 0.9069453525568255, 0, 0, 0, 0, 0, 0, 0, 0, 0, 0, 0, 0, 0, 0, 0, 0, 0, 0, 0, 0, 0, 0, 0, 0, 0, 0, 0, 0, 0, 0, 0, 0, 0, 0, 0, 0, 0, 0, 0, 0.9311130898087371, 0, 0, 0, 0, 0, 0, 0, 0.8996565876844155, 0, 0, 0, 0.9311130898087371, 0, 0, 0, 0, 0, 0, 0, 0, 0, 0, 0, 0.8996565876844155, 0, 0, 0, 0, 0, 0, 0, 0, 0, 0, 0, 0, 0, 0, 0, 0, 0, 0, 0, 0, 0, 0, 0, 0.9311130898087371, 0, 0, 0, 0.9311130898087371, 0, 0, 0, 0, 0, 0, 0.9311130898087371, 0, 0, 0, 0, 0, 0, 0, 0, 0, 0, 0, 0, 0, 0, 0, 0, 0, 0, 0, 0, 0, 0, 0, 0, 0, 0, 0, 0, 0, 0.9311130898087371, 0, 0, 0, 0, 0, 0, 0, 0, 0, 0, 0, 0, 0, 0, 0, 0, 0, 0, 0, 0, 0, 0, 0, 0, 0, 0, 0, 0, 0, 0.9311130898087371, 0, 0.9311130898087371, 0
, 0, 0, 0, 0.9638051827808619, 0, 0, 0, 0, 0, 0, 0, 0, 0, 0, 0.9638051827808619, 0, 0, 0, 0, 0, 0, 0, 0, 0.9638051827808619, 0, 0, 0, 0, 0, 0.9638051827808619, 0, 0, 0, 0, 0, 0, 0, 0, 0, 0.9511068801569761, 0, 0, 0, 0, 0, 0, 0, 0, 0, 0, 0, 0, 0, 0, 0, 0.9638051827808619, 0, 0, 0, 0, 0, 0, 0, 0, 0, 0, 0, 0, 0, 0, 0, 0, 0, 0, 0, 0, 0, 0, 0, 0.9472771901392691, 0, 0, 0.9511068801569761, 0, 0, 0, 0, 0, 0, 0, 0, 0, 0, 0, 0, 0, 0.9638051827808619, 0, 0, 0, 0, 0, 0, 0, 0, 0, 0, 0, 0, 0, 0, 0, 0, 0, 0.9638051827808619, 0, 0, 0, 0.9638051827808619, 0, 0, 0.9472771901392691, 0, 0.9638051827808619, 0, 0, 0, 0, 0, 0, 0, 0, 0, 0, 0, 0, 0, 0, 0, 0, 0, 0, 0.9638051827808619, 0, 0, 0, 0, 0, 0, 0, 0, 0, 0, 0, 0, 0, 0, 0, 0, 0, 0, 0, 0, 0.9638051827808619, 0, 0, 0, 0, 0.9638051827808619, 0.9638051827808619, 0.9638051827808619, 0, 0, 0, 0, 0, 0.9638051827808619, 0.9638051827808619, 0, 0.9638051827808619, 0.9638051827808619, 0, 0, 0, 0, 0, 0, 0.9638051827808619, 0, 0, 0, 0, 0, 0, 0, 0, 0, 0, 0, 0, 0.9638051827808619, 0, 0, 0.9472771901392691, 0, 0, 0, 0.9638051827808619, 0, 0.9638051827808619, 0, 0, 0, 0, 0, 0, 0, 0, 0, 0.9638051827808619, 0, 0, 0, 0, 0, 0, 0, 0, 0, 0, 0, 0, 0, 0, 0, 0, 0.9638051827808619, 0, 0, 0.9638051827808619, 0, 0, 0, 0, 0, 0, 0, 0, 0, 0, 0, 0, 0, 0, 0, 0, 0, 0, 0, 0, 0, 0, 0.9638051827808619, 0, 0, 0, 0, 0, 0, 0, 0, 0, 0, 0, 0, 0, 0, 0.9638051827808619, 0, 0, 0, 0, 0, 0.9638051827808619, 0, 0, 0, 0, 0, 0, 0, 0.9638051827808619, 0, 0, 0, 0, 0, 0, 0.9638051827808619, 0, 0, 0, 0.9638051827808619, 0.9638051827808619, 0, 0, 0, 0, 0, 0, 0, 0, 0, 0, 0, 0, 0, 0, 0, 0, 0.9638051827808619, 0, 0, 0, 0, 0, 0, 0, 0, 0, 0, 0, 0, 0, 0, 0, 0, 0, 0, 0, 0, 0, 0, 0, 0.9638051827808619, 0, 0, 0.9511068801569761, 0.9638051827808619, 0, 0, 0, 0, 0, 0, 0, 0, 0, 0, 0, 0, 0, 0.9638051827808619, 0, 0, 0, 0, 0, 0, 0, 0, 0, 0.9638051827808619, 0, 0.9638051827808619, 0, 0, 0.9638051827808619, 0, 0, 0, 0, 0, 0, 0, 0, 0, 0, 0, 0, 0, 0, 0, 0, 0, 0, 0, 0, 0, 0, 0, 0.9638051827808619, 0.9638051827808619, 0, 0, 0, 0, 0, 0, 0, 0, 0, 0, 0, 0, 0.9638051827808619, 0, 0, 0, 0, 0, 0, 0, 0, 0, 0, 0, 0, 0, 0, 0.9511068801569761, 0, 0, 0, 0, 0, 0, 0, 0, 0
, 0, 0, 0.9581275643935461, 0, 0, 0, 0, 0, 0, 0, 0, 0.9581275643935461, 0, 0.9581275643935461, 0, 0, 0, 0.9581275643935461, 0, 0, 0, 0, 0, 0, 0, 0, 0, 0, 0, 0, 0, 0, 0, 0, 0.9581275643935461, 0, 0, 0.9390069454552329, 0, 0, 0, 0, 0, 0, 0.9581275643935461, 0, 0.9581275643935461, 0, 0, 0, 0, 0, 0, 0, 0, 0, 0, 0, 0, 0.9581275643935461, 0, 0, 0, 0, 0, 0, 0, 0, 0, 0, 0, 0, 0, 0, 0, 0, 0, 0, 0, 0, 0, 0, 0, 0, 0, 0, 0, 0, 0, 0, 0, 0, 0, 0, 0, 0, 0, 0, 0, 0, 0.9581275643935461, 0, 0, 0, 0, 0, 0, 0, 0, 0, 0, 0, 0, 0, 0, 0, 0.9581275643935461, 0, 0, 0, 0, 0, 0, 0, 0, 0, 0.9581275643935461, 0.9581275643935461, 0, 0, 0, 0, 0, 0, 0, 0, 0, 0, 0, 0, 0, 0, 0, 0, 0, 0, 0.9581275643935461, 0, 0, 0, 0, 0, 0.9581275643935461, 0, 0, 0, 0, 0, 0, 0, 0, 0, 0, 0, 0, 0, 0, 0, 0, 0, 0, 0, 0, 0, 0, 0, 0, 0, 0, 0, 0, 0, 0, 0, 0, 0, 0, 0, 0, 0, 0, 0, 0, 0, 0, 0, 0, 0, 0, 0, 0, 0, 0, 0, 0.9581275643935461, 0, 0, 0, 0, 0, 0, 0, 0, 0, 0, 0, 0.9581275643935461, 0, 0, 0, 0.9581275643935461, 0, 0.9581275643935461, 0, 0, 0, 0, 0.9581275643935461, 0, 0, 0, 0, 0, 0, 0, 0, 0, 0, 0, 0, 0, 0, 0, 0, 0, 0, 0.9581275643935461, 0, 0, 0, 0, 0, 0, 0, 0, 0, 0.9581275643935461, 0, 0, 0, 0, 0, 0, 0, 0, 0, 0, 0, 0, 0, 0, 0, 0, 0, 0, 0, 0, 0.9412392270737836, 0, 0, 0, 0, 0, 0, 0.9581275643935461, 0, 0.9581275643935461, 0, 0, 0, 0, 0, 0, 0, 0, 0, 0, 0, 0, 0, 0, 0, 0, 0, 0, 0, 0, 0, 0, 0, 0, 0, 0, 0, 0, 0.9581275643935461, 0, 0, 0.943437371161992, 0, 0, 0, 0, 0, 0, 0, 0, 0, 0, 0, 0, 0, 0, 0, 0.943437371161992, 0, 0, 0, 0, 0, 0, 0.9412392270737836, 0, 0.9581275643935461, 0, 0, 0, 0, 0, 0, 0, 0, 0, 0, 0, 0, 0.943437371161992, 0, 0, 0, 0, 0, 0, 0, 0, 0, 0, 0.943437371161992, 0.9581275643935461, 0, 0, 0, 0, 0, 0, 0, 0, 0, 0, 0, 0, 0, 0, 0, 0, 0, 0, 0, 0, 0.9581275643935461, 0.9581275643935461, 0.9581275643935461, 0, 0, 0, 0, 0, 0, 0, 0, 0, 0, 0, 0, 0.9581275643935461, 0, 0, 0, 0, 0, 0, 0, 0, 0, 0, 0, 0, 0, 0, 0, 0, 0, 0, 0, 0, 0, 0, 0, 0, 0, 0, 0, 0, 0, 0, 0, 0, 0, 0, 0.943437371161992

